<?xml version="1.0" encoding="UTF-8"?>
<metadata xml:lang="en"><Esri><CreaDate>20230320</CreaDate><CreaTime>17525000</CreaTime><ArcGISFormat>1.0</ArcGISFormat><SyncOnce>TRUE</SyncOnce><DataProperties><lineage><Process ToolSource="c:\program files (x86)\arcgis\desktop10.8\ArcToolbox\Toolboxes\Data Management Tools.tbx\CalculateField" Date="20230314" Time="171911">CalculateField swathDB_spring2023_3 ratio "[manLength] / [manWidth]" VB #</Process></lineage><itemProps><itemLocation><linkage Sync="TRUE">file://\\MSLWL0820060555\C$\Users\jrbell1\Desktop\hail_paper\summer2022\swathDB_spring2023_2\hwds_vBeta_march2023\swathDB_spring2023_3</linkage><protocol Sync="TRUE">Local Area Network</protocol></itemLocation></itemProps><copyHistory><copy source="C:\Users\jrbell1\Desktop\hail_paper\summer2022\swathDB_spring2023_2\swathDB_spring2023_3" dest="\\MSLWL0820060555\C$\Users\jrbell1\Desktop\hail_paper\summer2022\swathDB_spring2023_2\hwds_vBeta_march2023\swathDB_spring2023_3" date="20230320" time="17525000"></copy></copyHistory></DataProperties></Esri></metadata>
