<?xml version="1.0" encoding="UTF-8"?>
<metadata xml:lang="en"><Esri><CreaDate>20250122</CreaDate><CreaTime>12433200</CreaTime><ArcGISFormat>1.0</ArcGISFormat><SyncOnce>TRUE</SyncOnce><DataProperties><itemProps><itemLocation><linkage Sync="TRUE">file://\\MSLWL2023072323\C$\Users\jrbell1\Documents\hwds\database_20250124\20250124\hwds_v2_20240807</linkage><protocol Sync="TRUE">Local Area Network</protocol></itemLocation></itemProps><copyHistory><copy source="C:\Users\jrbell1\Documents\hwds\database_20250124\20240807\hwds_v2_20240807" dest="\\MSLWL2023072323\C$\Users\jrbell1\Documents\hwds\database_20250124\20250124\hwds_v2_20240807" date="20250122" time="12433200"></copy></copyHistory><lineage><Process ToolSource="c:\program files\arcgis\pro\Resources\ArcToolbox\Toolboxes\Data Management Tools.tbx\Copy" Date="20250122" Time="124332">Copy C:\Users\jrbell1\Documents\hwds\database_20250124\20240807\hwds_v2_20240807.shp C:\Users\jrbell1\Documents\hwds\database_20250124\20250124\hwds_v2_20240807.shp Shapefile #</Process><Process ToolSource="c:\program files\arcgis\pro\Resources\ArcToolbox\Toolboxes\Data Management Tools.tbx\Rename" Date="20250122" Time="124351">Rename C:\Users\jrbell1\Documents\hwds\database_20250124\20250124\hwds_v2_20240807.shp C:\Users\jrbell1\Documents\hwds\database_20250124\20250124\hwds_v1_1_20250124.shp ShapeFile</Process></lineage></DataProperties></Esri></metadata>
